{
  "blocks.0.layers.0.dq_w1": {
    "bitwidth": 5,
    "soft_bitwidth": 3.5734610557556152,
    "d": 0.04417729750275612,
    "q_max": 0.2187817543745041,
    "signed": true
  },
  "blocks.0.layers.0.dq_w2": {
    "bitwidth": 4,
    "soft_bitwidth": 2.804926872253418,
    "d": 0.04375826567411423,
    "q_max": 0.109138123691082,
    "signed": true
  },
  "blocks.0.layers.0.dq_input_act": {
    "bitwidth": 5,
    "soft_bitwidth": 5.318136215209961,
    "d": 0.08842656016349792,
    "q_max": 3.439351797103882,
    "signed": false
  },
  "blocks.0.layers.0.dq_mid_act": {
    "bitwidth": 5,
    "soft_bitwidth": 4.3875412940979,
    "d": 0.17263802886009216,
    "q_max": 3.4407780170440674,
    "signed": false
  },
  "blocks.0.layers.1.dq_w1": {
    "bitwidth": 4,
    "soft_bitwidth": 3.186203956604004,
    "d": 0.04398598521947861,
    "q_max": 0.15619705617427826,
    "signed": true
  },
  "blocks.0.layers.1.dq_w2": {
    "bitwidth": 3,
    "soft_bitwidth": 2.4756290912628174,
    "d": 0.044154684990644455,
    "q_max": 0.07864165306091309,
    "signed": true
  },
  "blocks.0.layers.1.dq_input_act": {
    "bitwidth": 6,
    "soft_bitwidth": 6.276973247528076,
    "d": 0.044211938977241516,
    "q_max": 3.3842294216156006,
    "signed": false
  },
  "blocks.0.layers.1.dq_mid_act": {
    "bitwidth": 5,
    "soft_bitwidth": 3.9052865505218506,
    "d": 0.08835241198539734,
    "q_max": 1.2354609966278076,
    "signed": false
  },
  "blocks.0.layers.2.dq_w1": {
    "bitwidth": 3,
    "soft_bitwidth": 3.287548542022705,
    "d": 0.04422546923160553,
    "q_max": 0.17169468104839325,
    "signed": true
  },
  "blocks.0.layers.2.dq_w2": {
    "bitwidth": 3,
    "soft_bitwidth": 2.644360303878784,
    "d": 0.04405307024717331,
    "q_max": 0.0936608836054802,
    "signed": true
  },
  "blocks.0.layers.2.dq_input_act": {
    "bitwidth": 6,
    "soft_bitwidth": 5.315145969390869,
    "d": 0.08838530629873276,
    "q_max": 3.430445432662964,
    "signed": false
  },
  "blocks.0.layers.2.dq_mid_act": {
    "bitwidth": 5,
    "soft_bitwidth": 4.83928108215332,
    "d": 0.12456556409597397,
    "q_max": 3.441314935684204,
    "signed": false
  },
  "blocks.0.layers.3.dq_w1": {
    "bitwidth": 4,
    "soft_bitwidth": 3.313321113586426,
    "d": 0.04327617213129997,
    "q_max": 0.1718176305294037,
    "signed": true
  },
  "blocks.0.layers.3.dq_w2": {
    "bitwidth": 3,
    "soft_bitwidth": 2.758899211883545,
    "d": 0.03269903361797333,
    "q_max": 0.07796751707792282,
    "signed": true
  },
  "blocks.0.layers.3.dq_input_act": {
    "bitwidth": 6,
    "soft_bitwidth": 5.310474395751953,
    "d": 0.0883297398686409,
    "q_max": 3.4169201850891113,
    "signed": false
  },
  "blocks.0.layers.3.dq_mid_act": {
    "bitwidth": 4,
    "soft_bitwidth": 3.6601343154907227,
    "d": 0.08863039314746857,
    "q_max": 1.0318206548690796,
    "signed": false
  },
  "blocks.0.layers.4.dq_w1": {
    "bitwidth": 4,
    "soft_bitwidth": 3.2353124618530273,
    "d": 0.04410300776362419,
    "q_max": 0.16356246173381805,
    "signed": true
  },
  "blocks.0.layers.4.dq_w2": {
    "bitwidth": 3,
    "soft_bitwidth": 3.0532069206237793,
    "d": 0.02477325312793255,
    "q_max": 0.07804255932569504,
    "signed": true
  },
  "blocks.0.layers.4.dq_input_act": {
    "bitwidth": 6,
    "soft_bitwidth": 5.318150997161865,
    "d": 0.08837190270423889,
    "q_max": 3.4372613430023193,
    "signed": false
  },
  "blocks.0.layers.4.dq_mid_act": {
    "bitwidth": 4,
    "soft_bitwidth": 3.7627792358398438,
    "d": 0.09487584233283997,
    "q_max": 1.1929734945297241,
    "signed": false
  },
  "blocks.0.layers.5.dq_w1": {
    "bitwidth": 4,
    "soft_bitwidth": 3.1435084342956543,
    "d": 0.044145628809928894,
    "q_max": 0.1509053111076355,
    "signed": true
  },
  "blocks.0.layers.5.dq_w2": {
    "bitwidth": 3,
    "soft_bitwidth": 2.4808990955352783,
    "d": 0.04356388375163078,
    "q_max": 0.07803278416395187,
    "signed": true
  },
  "blocks.0.layers.5.dq_input_act": {
    "bitwidth": 6,
    "soft_bitwidth": 5.321959972381592,
    "d": 0.08814778178930283,
    "q_max": 3.4378411769866943,
    "signed": false
  },
  "blocks.0.layers.5.dq_mid_act": {
    "bitwidth": 5,
    "soft_bitwidth": 4.7030863761901855,
    "d": 0.13724790513515472,
    "q_max": 3.4377501010894775,
    "signed": false
  },
  "blocks.0.layers.6.dq_w1": {
    "bitwidth": 4,
    "soft_bitwidth": 3.092082977294922,
    "d": 0.03327124938368797,
    "q_max": 0.10858511924743652,
    "signed": true
  },
  "blocks.0.layers.6.dq_w2": {
    "bitwidth": 3,
    "soft_bitwidth": 2.614989995956421,
    "d": 0.03771699592471123,
    "q_max": 0.07781374454498291,
    "signed": true
  },
  "blocks.0.layers.6.dq_input_act": {
    "bitwidth": 6,
    "soft_bitwidth": 5.318227291107178,
    "d": 0.08836783468723297,
    "q_max": 3.4372899532318115,
    "signed": false
  },
  "blocks.0.layers.6.dq_mid_act": {
    "bitwidth": 4,
    "soft_bitwidth": 3.06447696685791,
    "d": 0.15974794328212738,
    "q_max": 1.1766469478607178,
    "signed": false
  },
  "blocks.0.layers.7.dq_w1": {
    "bitwidth": 4,
    "soft_bitwidth": 3.00289249420166,
    "d": 0.043049830943346024,
    "q_max": 0.12949509918689728,
    "signed": true
  },
  "blocks.0.layers.7.dq_w2": {
    "bitwidth": 3,
    "soft_bitwidth": 2.841398239135742,
    "d": 0.030208230018615723,
    "q_max": 0.07804512232542038,
    "signed": true
  },
  "blocks.0.layers.7.dq_input_act": {
    "bitwidth": 5,
    "soft_bitwidth": 5.317764759063721,
    "d": 0.08840369433164597,
    "q_max": 3.437553882598877,
    "signed": false
  },
  "blocks.0.layers.7.dq_mid_act": {
    "bitwidth": 4,
    "soft_bitwidth": 2.960139751434326,
    "d": 0.17672094702720642,
    "q_max": 1.198520302772522,
    "signed": false
  },
  "blocks.1.layers.0.dq_w1": {
    "bitwidth": 3,
    "soft_bitwidth": 2.5761559009552,
    "d": 0.044165413826704025,
    "q_max": 0.08752450346946716,
    "signed": true
  },
  "blocks.1.layers.0.dq_w2": {
    "bitwidth": 3,
    "soft_bitwidth": 2.806469440460205,
    "d": 0.03124644048511982,
    "q_max": 0.07804900407791138,
    "signed": true
  },
  "blocks.1.layers.0.dq_input_act": {
    "bitwidth": 5,
    "soft_bitwidth": 3.8678765296936035,
    "d": 0.08833054453134537,
    "q_max": 1.2012776136398315,
    "signed": false
  },
  "blocks.1.layers.0.dq_mid_act": {
    "bitwidth": 4,
    "soft_bitwidth": 2.9560296535491943,
    "d": 0.17667385935783386,
    "q_max": 1.1942896842956543,
    "signed": false
  },
  "blocks.1.layers.1.dq_w1": {
    "bitwidth": 3,
    "soft_bitwidth": 2.472745180130005,
    "d": 0.04405587166547775,
    "q_max": 0.07822098582983017,
    "signed": true
  },
  "blocks.1.layers.1.dq_w2": {
    "bitwidth": 3,
    "soft_bitwidth": 2.766594409942627,
    "d": 0.032467737793922424,
    "q_max": 0.07800367474555969,
    "signed": true
  },
  "blocks.1.layers.1.dq_input_act": {
    "bitwidth": 4,
    "soft_bitwidth": 3.807976484298706,
    "d": 0.08855585008859634,
    "q_max": 1.151760220527649,
    "signed": false
  },
  "blocks.1.layers.1.dq_mid_act": {
    "bitwidth": 4,
    "soft_bitwidth": 2.9528956413269043,
    "d": 0.17665642499923706,
    "q_max": 1.191197156906128,
    "signed": false
  },
  "blocks.1.layers.2.dq_w1": {
    "bitwidth": 4,
    "soft_bitwidth": 2.8901896476745605,
    "d": 0.040425267070531845,
    "q_max": 0.10942471772432327,
    "signed": true
  },
  "blocks.1.layers.2.dq_w2": {
    "bitwidth": 3,
    "soft_bitwidth": 2.732635498046875,
    "d": 0.04420008510351181,
    "q_max": 0.10269200056791306,
    "signed": true
  },
  "blocks.1.layers.2.dq_input_act": {
    "bitwidth": 4,
    "soft_bitwidth": 3.779552459716797,
    "d": 0.08851921558380127,
    "q_max": 1.1270962953567505,
    "signed": false
  },
  "blocks.1.layers.2.dq_mid_act": {
    "bitwidth": 4,
    "soft_bitwidth": 2.9664111137390137,
    "d": 0.17674371600151062,
    "q_max": 1.2046666145324707,
    "signed": false
  },